,Names, Plates,Plates
0,Sam Ondricka,,CS13 BTJ
1,Doug Nolan,,LM04 YVP
2,Carter Lockman,,HG04 AXX
3,Dovie Dooley,,AM04 ETQ
4,Peyton Watsica,,HS15 ZMX
5,Hadley Donnelly,,WD66 QEG
6,Willie Fahey,,AG17 BHC
7,Leann Schimmel,,RG66 DVD
8,Raymond Reichel,,YR65 YVS
9,Tyshawn Jast,,VH18 WCO
10,Shawna Lang,,YE64 VUV
11,Giovanny Johnston,,YC05 OHT
12,Eula Bechtelar,,AF03 XOW
13,Ettie Dickinson,,EY05 ZEL
14,Lesly Grant,,GD56 NZZ
15,Vallie Cronin,,WB18 UCN
16,Anais Murazik,,AP07 PZO
17,Devante Gislason,,SN04 QMJ
18,Darion Hirthe,,NO67 PHY
19,Sidney Koss,,CJ10 IYG
20,Amelia Paucek,,LT09 LDK
21,Shemar O'Connell,,PG12 RNC
22,Brycen Connelly,,LW61 ALD
23,Fleta Wiegand,,MA52 SLR
24,Lauretta Hagenes,,GN58 KGM
25,Emma Labadie,,GP18 XCB
26,Paige Reynolds,,KR10 YOH
27,Evan O'Keefe,,OA65 LOJ
28,Ocie Schaefer,,LU02 LOH
29,Dangelo Abbott,,FV04 QEA
30,Otilia Conroy,,PJ08 SOQ
31,Alek Frami,,DE11 GLI
32,Tyshawn Cassin,,HR51 PSE
33,Shane Mann,,NU16 HJB
34,Augusta Witting,,DKDL17 VJE
35,Kaylie Hermiston,,DJ64 VSM
36,Zoie Langworth,,YF62 KVJ
37,Raphaelle McCullough,,YU54 DTZ
38,Samantha Auer,,VD64 PGK
39,Jamil Hand,,WY14 RCD
40,Monty Brekke,,CO66 NSA
41,Raphaelle Hessel,,OD56 XGG
42,Victor Little,,CR06 LDA
43,Vita Dare,,GP17 AKH
44,Mackenzie Gislason,,HY65 BPN
45,Rosalee Erdman,,FS11 LVH
46,Dwight Skiles,,SO13 OHJ
47,Carolina Hoeger,,LU03 WFC
48,Minerva Flatley,,YW56 FNV
49,Renee Torphy,,AY02 BQJ
50,Vincenzo Kuhn,,RL66 CCL
51,Abel Stroman,,OB06 QSX
52,Jack Greenfelder,,KR51 OWQ
53,Jaylon Cremin,,CL10 WRD
54,Kris Stracke,,HU56 DTR
55,Mortimer Douglas,,NC04 ZKE
56,Marilie Bechtelar,,YJ61 GSV
57,Aurelie Lebsack,,WJ18 NAW
58,Griffin Dickinson,,HA10 EBE
59,Koby Reichert,,WS09 FCP
60,Sister Walsh,,YE04 HAF
61,Lucy Metz,,VB15 PMK
62,June Luettgen,,DM03 LUQ
63,Lauretta Mante,,WF51 TKV
64,Ransom Conn,,KT57 LBX
65,Alberto Doyle,,CF03 BGR
66,Chyna Lehner,,SC07 SCP
67,Dangelo Bode,,GD06 RDJ
68,Rosamond Walker,,YB03 LBW
69,Abbey Hettinger,,KS53 MNW
70,Sigurd Windler,,WK09 RFF
71,Jerrell Harvey,,GN64 WYT
72,Keira Abernathy,,VF64 TEJ
73,Julianne Jacobs,,KN16 EFP
74,Ed Zulauf,,FW66 VGQ
75,Joannie Hammes,,WW19 WYB
76,Quinn Reilly,,ST13 QYH
77,Urban Hettinger,,HW64 JLO
78,Anne Greenholt,,SA65 VKE
79,Omari O'Conner,,GK19 UJL
80,Aditya Kozey,,DU09 RQW
81,Hester Veum,,RC66 YSQ
82,Columbus Hilll,,HL02 DNP
83,Bill Renner,,LX19 LFC
84,Cristopher Gerhold,,KK15 WHG
85,Josephine Heidenreich,,KC53 EQV
86,Gabriella Kovacek,,WL10 MMQ
87,Ona Kirlin,,SD53 YBZ
88,Destiney Hoppe,,FJ66 VWH
89,Arvilla Heaney,,CL17 NNE
90,Icie Christiansen,,RF06 TVD
91,Madge Jerde,,CF18 BGQ
92,Beaulah Quigley,,EY16 ZMG
93,Preston Shields,,YM63 JPJ
94,Franz Russel,,LX17 WNI
95,Ebba Lockman,,VD51 GJN
96,Allie Buckridge,,PB19 FTW
97,Orland Hodkiewicz,,DV04 WWW
98,Francisco Mann,,CX59 ORY
99,Oleta White,,NA67 ZLS
100,Ima Prosacco,,DS17 FLR
101,Kacie Monahan,,WV67 GLP
102,Estel Orn,,FS08 DYW
103,Agustina Hahn,,GU06 XFO
104,Thelma Robel,,RE58 WCR
105,Margot Fadel,,PU03 OHJ
106,Corene Witting,,LU18 GKF
107,Jessie Armstrong,,AM15 DHB
108,Lou Robel,,BA58 THY
109,Adrianna Swift,,SD06 YGS
110,Ettie Terry,,LM55 IFM
111,Fatima Dach,,OB19 NVQ
112,Orpha Abshire,,LR52 JBK
113,Kara Smith,,HX09 QWP
114,Juliana Gislason,,FP62 KNO
115,Brian Lockman,,AA02 JSM
116,Kamille Hoppe,,SC62 RDY
117,Loyce Boyle,,YD08 DCD
118,Frederik Muller,,HL02 OOI
119,Maya Ratke,,KO06 YEX
120,Franco Bahringer,,HF51 ZEN
121,Cathrine Zboncak,,DN60 OIF
122,Aryanna Prosacco,,GU61 XZD
123,Aisha Herzog,,GO05 EAW
124,Roger Schinner,,GL03 SEB
125,Malinda Rutherford,,GO17 JUQ
126,Annabel Tillman,,VB03 SNW
127,Astrid Gerhold,,GK66 RSO
128,Melba Schuppe,,PS65 VML
129,Hilda Dickens,,VH59 VEQ
130,Kirk Lehner,,OC06 QRK
131,Noel Walker,,YR61 GWD
132,Tracey Kerluke,,AD59 PNI
133,Jesus Ernser,,LT61 RSH
134,Gisselle Kub,,DY04 IWF
135,Xavier Schuster,,WE58 EPT
136,Kelley Daugherty,,SF16 PKN
137,Chanel Swaniawski,,PA16 MEN
138,Carissa Lemke,,YB64 GIX
139,Larry Paucek,,CJ57 HJA
140,Ana Waters,,HS53 ZWE
141,Suzanne Bode,,HH15 BPI
142,Desmond Harris,,PA66 QLT
143,Melody Reichel,,SN11 MHJ
144,Milford Dare,,FJ12 ATV
145,Eveline Schulist,,AK06 ASW
146,Jaqueline Kunde,,FE06 XYZ
147,Diamond Hackett,,WE59 QUU
148,Ellsworth Oberbrunner,,LR19 UCF
149,Cicero Volkman,,WH54 ZDO
150,Jacinto Daugherty,,GN60 UCG
151,Rick Berge,,DJ60 TGR
152,Albert Lockman,,YT55 LJP
153,Roosevelt Murphy,,NH51 MKS
154,Janick Conn,,YO16 VHU
155,Cullen Kuhn,,VA10 WTJ
156,Haven Luettgen,,AC07 ABI
157,Estell Moen,,MA17 HTQ
158,Thelma Volkman,,WD16 KWX
159,Sonya Bernhard,,WM52 TEN
160,Lowell Abshire,,RN02 RCZ
161,Hailie Weissnat,,VA19 CGM
162,Timmy Bayer,,NJ64 PCU
163,Nicolas Carroll,,PA16 QIM
164,Lolita Dach,,HB60 RTA
165,Vallie Jacobs,,FC14 BEV
166,Joaquin Schinner,,DH15 KEN
167,Aiyana Waelchi,,BY52 KCX
168,Fiona Schaden,,FB63 VPD
169,Yadira Pfeffer,,LR52 GIC
170,Jesse Jerde,,KY53 BDK
171,Tiffany Miller,,GA10 BZY
172,Jasmin Donnelly,,PT13 TYA
173,Dereck Lemke,,SP05 CTV
174,Fausto Auer,,RC10 KUJ
175,Ezekiel O'Kon,,DV51 QBQ
176,Ansel Fadel,,WB04 BTX
177,Diego Schoen,,RE65 OPW
178,Hortense DuBuque,,CC13 PGE
179,Humberto Rath,,SW12 SOX
180,Dion Wuckert,,DS02 EIP
181,Luz Becker,,KY59 POS
182,Stone Hermann,,DB66 WRX
183,Makayla Zulauf,,FC05 KOG
184,Elsa Jenkins,,CH59 UBD
185,Leonardo Okuneva,,LJ06 RZV
186,Carlee Effertz,,KP60 BXH
187,Ashlynn Hansen,,FY59 URY
188,Maryjane Howe,,DG08 OON
189,Laurie Mayer,,PC14 VGT
190,Jarvis Wilderman,,AK04 SDR
191,Regan Walker,,RP10 VRQ
192,Sallie Dickinson,,HH17 AKR
193,Antonietta Runte,,AX64 LZE
194,Camille Mayert,,WE59 GSB
195,Deven Schmidt,,CR52 QFE
196,Katharina Bartell,,KP14 RPE
197,Katrine Stroman,,LF09 HQG
198,Carolyn Kassulke,,NB55 UQR
199,Rogelio Conn,,RF59 FJP
200,Ettie Ondricka,,NB57 CWD
201,Destiny Schimmel,,GA55 AAQ
202,Dessie Sipes,,VB64 EVR
203,Abagail Reichel,,CF17 AES
204,Matteo Gerhold,,GW17 NSZ
205,Laurie Sawayn,,HH08 NUV
206,Aaron Klein,,RD13 NYO
207,Estella Conroy,,DD10 AAH
208,Florine Maggio,,PN04 JLM
209,Jay Windler,,AT14 HQE
210,Filiberto Smith,,PC13 RQU
211,Ally Schaden,,CK08 MKM
212,Lempi Rowe,,GE66 WTQ
213,Aleen Donnelly,,DP04 UAU
214,Laurence Langworth,,PK10 KUR
215,Laurel Auer,,KF11 GHX
216,Kaylah Huel,,SU62 HOS
217,Herbert Maggio,,SC03 KFZ
218,Jaden Schamberger,,FW14 KDL
219,Chesley Swift,,WL53 GUP
220,Jacinthe Windler,,CG63 PNA
221,Zoie Abbott,,LE58 EEY
222,Ines Kunze,,WP02 JSK
223,Titus Wolf,,SH04 CPQ
224,Gilda Braun,,SR08 REM
225,Emmet Lehner,,AT17 OZA
226,Marlee Dicki,,NR55 QFO
227,Ned Powlowski,,CJ64 PVI
228,Mafalda Orn,,NK10 KIU
229,Imogene Block,,NS04 VRD
230,Destini Borer,,GJ03 CHH
231,Mallie Bechtelar,,AC54 MHG
232,Agustina Boyle,,AD19 PFZ
233,Kylie Funk,,PU51 AUX
234,Billie Koch,,PA67 QBH
235,Rick Moen,,KC61 OZZ
236,Muhammad Oberbrunner,,GJ03 QIG
237,Justice Orn,,KV57 SSN
238,Kameron Cummings,,YS11 YFN
239,Barrett Lockman,,YB62 CKA
240,Hortense Brown,,AG60 QGG
241,Susie Marquardt,,NT06 HGR
242,Alessandro Little,,GC60 PSK
243,Dane Paucek,,KU60 EYC
244,Barney Kirlin,,SK56 SSL
245,Dannie Weissnat,,FD09 GJP
246,Mallory Gusikowski,,CN06 TAT
247,Julian Kovacek,,PX65 SMG
248,Aracely Kulas,,BA05 ACJ
249,Orlando Herzog,,RJ03 EYA
250,Shyanne Dickens,,GT67 LOB
251,Savannah Pollich,,SY52 HZV
252,Douglas Lemke,,HA52 OOV
253,Holden Braun,,GC09 MZN
254,Tillman Steuber,,WG67 HOZ
255,Ova O'Conner,,CR61 XOD
256,Celestino Gusikowski,,YT62 RIG
257,Tre Beatty,,NO52 STO
258,Sister Considine,,CA64 TCH
259,Madyson Hagenes,,FL18 RPD
260,Cecilia Koch,,SW05 LEC
261,Lamar Orn,,LC61 KCL
262,Trever Runolfsson,,NC65 YPZ
263,Felipe Satterfield,,PY57 XCQ
264,Ettie Larson,,PE06 WGI
265,Alysa Mosciski,,VD07 IUY
266,Ruth Smitham,,SO65 ZKE
267,Silas Schaden,,WM53 UTQ
268,Fannie Herman,,KD61 TFM
269,Luisa Lynch,,LL06 KJN
270,Regan Champlin,,AX11 UXT
271,John Becker,,GM64 NGB
272,Eli Rowe,,AE11 KTI
273,Guadalupe Pfannerstill,,GW53 YAB
274,Alycia Schneider,,DP55 VLW
275,Jaylon Greenholt,,FC58 WRM
276,Alden Kuphal,,LW53 XMB
277,Alyson Kulas,,CS18 LBI
278,Bradley Bruen,,PG02 PZO
279,Brianne Dare,,GX62 ASY
280,Tressie Schoen,,SS13 QJB
281,Ariel Erdman,,LL64 SJL
282,Flavie Smith,,AW14 BLH
283,Genoveva Jacobi,,GU17 EBF
284,Jason Torphy,,YU15 VAB
285,Jayne Purdy,,YG67 KZL
286,Kristopher Ernser,,PX62 WLW
287,Lourdes Streich,,FT04 UEJ
288,Ava Stanton,,AS60 TYQ
289,Alberto Blick,,NK59 RDE
290,Frieda Steuber,,BA13 SDI
291,Kiana Boehm,,AB10 QCN
292,Duncan Schimmel,,VD58 YZC
293,Sunny Shanahan,,AP13 NTU
294,Jeanie Carter,,WX53 CUP
295,Arno Collier,,RP62 RHG
296,Emory Will,,RI57 EXZ
297,Shanny Langosh,,DM59 GQL
298,Elton Smitham,,SW64 QKR
299,Lucienne King,,YY52 OGX
300,Dedrick O'Hara,,KU64 IAG
301,Jade Farrell,,KM13 DER
302,Malcolm Goldner,,RG67 HFX
303,Lambert Jakubowski,,GT57 JWB
304,Moises Heidenreich,,RB67 RQW
305,Wilburn Ernser,,DU09 QDL
306,Hilario Towne,,LG66 ZYE
307,Dennis Frami,,HX15 UPZ
308,Andrew Mante,,KH17 FEU
309,Levi Kshlerin,,GT04 QFB
310,Isaac Schmeler,,AT65 UQO
311,Rosario Oberbrunner,,BA56 ZYU
312,Gordon Wintheiser,,SD54 TCM
313,Hailie Effertz,,NJ63 ZCD
314,Dane Morar,,NT09 DQN
315,Priscilla Blanda,,DV16 NXO
316,Kade Walter,,AU56 XQK
317,Brianne Lind,,KL14 JQN
318,Dasia Keebler,,YM06 FBV
319,Sofia Lubowitz,,DT17 DXV
320,Brianne Erdman,,AU66 DPM
321,Myrtle Daniel,,VC04 QGZ
322,Orrin Brown,,RF17 HJG
323,Zachery Wyman,,NK09 XAU
324,Elijah Wiza,,AO19 YLR
325,Simone Durgan,,DN06 CKT
326,Efren Ledner,,PH64 UZG
327,Tianna McLaughlin,,DJ03 HIN
328,Carolyne Hintz,,PU61 AOR
329,Joan Lebsack,,CU17 WYB
330,Arely Waelchi,,PH02 TQD
331,Eloisa Parisian,,LC05 QJT
332,Marilyne Rosenbaum,,FE51 YBG
333,Brown Haag,,AY03 ZAO
334,Melissa Beier,,FM67 TNZ
335,Clifford Dickinson,,RB52 DND
336,Nicolas Skiles,,GA07 ZVD
337,Layla Reichel,,AF04 PWW
338,Lupe Ankunding,,HT62 XCR
339,Leola Morar,,PK66 BKQ
340,Ibrahim Feest,,DM17 NSL
341,Emilia Kerluke,,NS11 RJU
342,Grady Carroll,,PV09 TWX
343,Nina Ritchie,,GL66 WFQ
344,Mckenzie O'Hara,,PW03 XTY
345,Lavinia Greenholt,,AH19 NHY
346,Prudence Boehm,,CY58 GZW
347,Omari Bruen,,HK57 NNP
348,Thalia Pollich,,CE67 MQZ
349,Ava Baumbach,,SF10 MJI
350,Wilhelm Terry,,CX59 TAI
351,Jay Schaefer,,AS05 QAR
352,Deion Mueller,,WP53 XKL
353,Furman Kassulke,,LR57 UQZ
354,Mack Mosciski,,CD60 USA
355,Kristian Smitham,,SO61 SVJ
356,Stefan Bergnaum,,PJ65 EGF
357,Jannie Zboncak,,DV05 ANX
358,Florencio Heidenreich,,WS52 XTQ
359,Marjory Effertz,,VF11 VOC
360,Eva Rodriguez,,PT64 BXK
361,Dewayne Okuneva,,EA04 QAX
362,Chelsey Veum,,GT55 USL
363,Marilyne Bergstrom,,GJ16 IIQ
364,Tressa Rolfson,,PR66 SOS
365,Abbey Keeling,,AY10 BBX
366,Royce Kutch,,NV63 ZJX
367,Allene Zieme,,CF02 EPW
368,Levi Kuphal,,YT12 IIA
369,Sim Keebler,,GM18 DWO
370,Audreanne Wilderman,,HE15 VZP
371,Shyann Mayert,,WD19 HRE
372,Lee Collins,,YM05 YIY
373,Kaden Mann,,VD11 VAA
374,Francisca Durgan,,DM17 UVP
375,Carey Adams,,WV18 LUH
376,Duane Kling,,RC02 DSK
377,Korbin Dooley,,CC15 QRS
378,Pascale Rogahn,,RK06 OMO
379,Lyla Sporer,,RP10 PIO
380,Simeon Rippin,,YS52 PUE
381,Isabel Ankunding,,DJ16 SFQ
382,Marilyne Torphy,,GT08 MQO
383,Mireya Roob,,AO51 VMT
384,Libbie Doyle,,RM59 XJL
385,Thalia Collins,,PX57 OKI
386,Rosie Aufderhar,,LX02 ICR
387,Merritt Nicolas,,NJ60 ATP
388,Carolanne Block,,GA55 UAB
389,Ulices Price,,DM03 HBK
390,Charlie Koelpin,,PJ04 KFE
391,Ryan Lueilwitz,,GS59 CJS
392,Bradley MacGyver,,AT12 YAT
393,Carleton Ullrich,,OB05 JBN
394,Chet Hyatt,,BA59 BXI
395,Eusebio Gusikowski,,PF16 WHA
396,Kadin Bauch,,FV04 TKA
397,Moses Marvin,,CA04 OYG
398,Fay Spencer,,ST14 DBB
399,Emmanuel Turner,,AH13 HHC
400,Justen Dare,,LV51 LHR
401,Mose Marquardt,,RL59 TOM
402,Eliane Osinski,,WD12 MWB
403,Hailee Hegmann,,YF66 HIR
404,Sally Thompson,,OD03 SAH
405,Trudie Strosin,,DD07 VBI
406,Jailyn Mills,,AY54 HCQ
407,Sylvester Stroman,,WE19 DJT
408,Deonte Bartell,,AB67 YIL
409,Shayne Russel,,GG53 VOB
410,Juston Hermiston,,KC60 QPX
411,Millie Crist,,RK07 PEL
412,Albert Lindgren,,LT52 EFU
413,Leilani Schumm,,SO05 NEQ
414,Timothy Waelchi,,RA10 SYV
415,Daniella Morar,,LD56 NSD
416,Bradford Daniel,,CU64 DFJ
417,Shakira Little,,KL60 GWP
418,Vada Cruickshank,,KS13 FRA
419,Casandra Labadie,,YT55 GBH
420,Reynold Bernier,,NL16 WNK
421,Amber Beier,,FN53 VQF
422,Jerry Turner,,KY16 PFW
423,Ephraim Kertzmann,,AT15 PAT
424,Tina Dicki,,FV63 TUF
425,Zion Gutmann,,RL14 JHE
426,Meta Rau,,DP67 YGE
427,Imani Roberts,,DD06 LNR
428,Fleta Daugherty,,HJ60 RJQ
429,Ralph Becker,,WY18 SSL
430,Nico Willms,,NE58 GLO
431,Eliane Klein,,SK58 QUE
432,Durward Farrell,,GK65 LZU
433,Ellie Terry,,LL53 RIP
434,Franco Farrell,,MY63 GVY
435,Karolann Johnson,,NV66 FUN
436,Jovany Rodriguez,,FT04 IHV
437,Madie Schoen,,FS13 ORA
438,Marlene Nienow,,DF56 ZXP
439,Citlalli Reilly,,FK03 DMZ
440,Ellsworth Harber,,SC55 XAF
441,Anahi Bashirian,,AH09 BNT
442,Ulises Cruickshank,,LP11 BPL
443,Earnest Kiehn,,RG14 BMN
444,Domenick Hane,,AF08 YJZ
445,Krystel Hackett,,DB14 MOU
446,Odell Dickens,,LP11 YEX
447,Jesus Brown,,YE53 HQY
448,Hertha Bechtelar,,LS66 YTZ
449,Dandre Feeney,,CC04 SAX
450,Jaida Stoltenberg,,OY07 OBQ
451,Ethan Gottlieb,,LA18 UPQ
452,Athena Satterfield,,AP14 LYG
453,Oren Collier,,FN63 XSQ
454,Jamarcus Weber,,YA14 RUQ
455,Bennett Kilback,,CY58 SOY
456,Alvena Swaniawski,,HL58 MLO
457,Ken McCullough,,YS10 WZF
458,Obie Bosco,,GV16 WRL
459,Marianne Davis,,WE66 HRA
460,Flo Heaney,,CE10 VMF
461,Ellis Gorczany,,NW13 CRW
462,Delphia Pacocha,,DG11 OFP
463,Eleazar Becker,,SK63 MAV
464,Garret Littel,,HH58 UJJ
465,Jimmy Gaylord,,PT08 RFP
466,Kelly Tromp,,YB59 DQN
467,Quentin Zulauf,,WA58 XGR
468,Fermin Shanahan,,KE55 YGK
469,Delilah Stracke,,HG07 DBF
470,Lilla Nitzsche,,PS58 KGP
471,Rosetta Hodkiewicz,,DN56 YPN
472,Breana Gusikowski,,NJ53 YIS
473,Chaya Corwin,,PC19 AVO
474,Cicero Hintz,,AJ63 QSB
475,Marvin Marvin,,AF53 NMM
476,Brendon Rolfson,,KA57 EFX
477,Santiago Ward,,WC59 RYD
478,Dino Tromp,,KU65 ENZ
479,Ethelyn Brakus,,SO58 MZQ
480,Stella Von,,AA64 UZL
481,Jordane Swift,,LO02 SFX
482,Ofelia Olson,,CY19 ZGB
483,Scarlett Walter,,KO57 FCK
484,Lue Lesch,,PB08 SHF
485,Courtney Kuhn,,RL67 GCS
486,Aimee Emard,,RM61 EXK
487,Jude Davis,,AE58 MVZ
488,Jamison Tremblay,,CS61 QQL
489,Landen Barrows,,SM18 EEV
490,Willis Mertz,,KH63 GCE
491,Zaria Borer,,GR57 DCB
492,Deonte Larkin,,DA12 EKK
493,Dana Metz,,SA10 GES
494,Candido Quitzon,,YS18 VFD
495,Queen Stokes,,LK10 DRE
496,Waldo Blick,,PK66 YRD
497,Adrian Lakin,,NM04 TEU
498,Victor Krajcik,,SP19 XJX
499,Khalid Towne,,PY09 INK
500,Bret Jaskolski,,DC06 HKG
501,Chloe Parisian,,RE14 ZHX
502,Gerard Botsford,,PO02 BEI
503,Margarete Keebler,,KT56 TXP
504,Guido Bernhard,,CH56 KYL
505,Delbert Bartell,,BY58 LMG
506,Nestor Mann,,GK15 JHA
507,Eloy Becker,,LP09 YYN
508,London Morissette,,SU61 UWM
509,Kirsten Grady,,DS12 FES
510,Hildegard Kris,,CA62 URU
511,Kristy Franecki,,SF14 BHS
512,Rae Grimes,,KM57 YME
513,Lelah Renner,,DC63 USO
514,Dwight O'Connell,,SU07 EOB
515,Allene Reinger,,RF04 WIW
516,Nicola Smith,,PJ15 KPZ
517,Sylvan Bogisich,,GX56 ZVY
518,Tyree Hayes,,VE61 CFE
519,Lina Jacobson,,KD09 WFF
520,Rupert Johnston,,CK13 RUF
521,Martin Adams,,RI06 GSP
522,Tavares Kub,,FB06 SYP
523,Alec Thompson,,CV64 THI
524,Alanna Emard,,PO17 MMO
525,Rachelle Ritchie,,KJ60 SXY
526,Roslyn Breitenberg,,KK51 XFF
527,Camron Fay,,GO52 ETS
528,Simone Powlowski,,RI62 AGS
529,Miles Lang,,WO15 XXG
530,Nicole O'Connell,,PO58 THH
531,Dee Rogahn,,YG02 NXG
532,Louvenia Champlin,,PB06 PEQ
533,Mohamed Flatley,,HH13 PVX
534,Magdalen O'Reilly,,KW09 CUC
535,Vito Wolff,,LX59 ASW
536,Verlie Rath,,NX15 GRW
537,Juana Renner,,GS10 XPI
538,Priscilla Stiedemann,,PP10 ZRR
539,Darrion Kemmer,,DX17 YKA
540,Eladio Kuhic,,SX13 BXB
541,Nils Hagenes,,YC04 JLB
542,Jessika Auer,,PC52 PPD
543,Rahul Okuneva,,LE60 ZLE
544,Lennie Bahringer,,ST10 YYB
545,Garnett Block,,AK10 RQX
546,Angelina Torp,,NB18 OLN
547,Mckayla Lowe,,SV65 VCL
548,Idell Wintheiser,,NY05 FRH
549,Pat Cole,,NL07 NPA
550,Jeramie Schaefer,,GB60 VVM
551,Jonathon Douglas,,VF56 MFV
552,Jesse Baumbach,,YF04 HLS
553,Maudie Medhurst,,KJ09 MZZ
554,Taurean Toy,,NO12 SBI
555,Sammie Wolff,,LC10 UHS
556,Allene Botsford,,FG54 YSI
557,Loyce Jacobson,,KV62 TMR
558,Newell Jast,,FK52 VUG
559,Pink Corwin,,NC61 LOI
560,Jeffery Gottlieb,,HM16 IAZ
561,Sandrine Hane,,GF03 IMU
562,Kody Toy,,FM02 MJK
563,Litzy Hilll,,SN62 YFN
564,Jeramie Roberts,,EY56 CDM
565,Ali Kuhic,,GE09 BIA
566,Sienna Littel,,PW13 HCD
567,Ardith Fahey,,PH19 KUD
568,Nestor Kovacek,,LT64 XZW
569,Gregorio Kutch,,RL54 BIS
570,Jayne Carter,,DH09 JNT
571,Rowena Huels,,YK59 IHX
572,Grady Stokes,,YX58 TCM
573,Wilber Emmerich,,NN55 PMP
574,Helene Yost,,CV61 FMG
575,Ettie Hackett,,KB54 IPD
576,Dell Kovacek,,HM51 XPY
577,Brody Jerde,,GP04 AFR
578,Casandra Ratke,,KW15 ZAY
579,Ashlynn Dach,,GY09 VQS
580,Jazlyn Beier,,GH05 VVO
581,Maximus Senger,,GS61 FAS
582,Laurie Labadie,,KF58 KZE
583,Krystina Lockman,,SF12 XWE
584,Oswaldo Graham,,RH13 WWA
585,Arnulfo Wehner,,YP67 SWR
586,Felix Rohan,,LP19 HGO
587,Rickie Reilly,,AK16 TWB
588,Camryn Howell,,WG55 AUN
589,Bette Armstrong,,NO07 PLH
590,Melyna Fadel,,AR62 DMQ
591,Guy Weissnat,,GF16 ENL
592,Nichole Wilderman,,DKDL54 ZEZ
593,Gage Langosh,,GW17 HGM
594,Rosalind White,,YV65 JCS
595,Carmel Ritchie,,YX57 SMK
596,Eddie Bahringer,,HV09 ZNG
597,Ryder Thompson,,AM09 HIA
598,Concepcion Hackett,,DP16 MAU
599,Durward Carroll,,BY55 NUO
600,Karlee Mosciski,,DE12 TTY
601,Rachael Carroll,,FG51 AXT
602,Scottie Hammes,,LJ66 YNZ
603,Kirk Reichel,,KS53 CQL
604,Romaine O'Hara,,AD51 XZH
605,Dante Lind,,RL19 EEI
606,Bethel Walsh,,KE18 EZC
607,Jaqueline Jenkins,,NP60 ZOI
608,Verna MacGyver,,YB14 DUN
609,Mireya Wehner,,CN58 SIH
610,Earline Green,,DD06 NVY
611,Albert Murphy,,LT12 YNL
612,Hiram Bosco,,SJ14 DEI
613,Dean Bartoletti,,FX04 ESZ
614,Justine Dietrich,,YU15 LSB
615,Tamia Gleason,,KY10 ISA
616,Cory Stracke,,LT67 HTU
617,Rahsaan Windler,,SO04 RJP
618,Gabrielle Pfeffer,,NG10 LFW
619,Kaycee Prosacco,,LS09 JIT
620,Orin Considine,,HO07 HYT
621,Cameron Stroman,,WH65 PWY
622,Effie Miller,,MA60 XKZ
623,Beth Larkin,,GU04 QWJ
624,Forest Dare,,DB63 WHR
625,Giovani Leuschke,,AH02 LTL
626,Wanda Cremin,,WJ18 ZAE
627,Merlin Hauck,,NA15 LOS
628,Amely Morar,,DG09 NGK
629,Meredith Gislason,,WW04 BJD
630,Keanu Wiza,,NY59 QRH
631,Bertrand Goldner,,YG54 LYD
632,Llewellyn Lueilwitz,,EY16 ANO
633,Cleo Willms,,WT59 SDC
634,Jordy Schimmel,,HN06 IDT
635,Colby Wisoky,,VF61 BBW
636,Kendra Marks,,OD09 DMY
637,Allie Stanton,,PT16 RQS
638,Kylee Schneider,,VH51 JOK
639,Annalise Haag,,NE62 GVY
640,Leanna Walsh,,GX54 WAQ
641,Allison Boyer,,WA10 OYC
642,Leland Quitzon,,SK04 HKV
643,Adrianna Gusikowski,,KB15 YTC
644,Madonna Wiza,,DKDL10 OWC
645,Roxanne Moore,,EY15 YLA
646,Linnie Grady,,LS12 QAY
647,Pearline Langosh,,FC59 BIZ
648,Chanel Towne,,KV05 JRZ
649,Amaya Conn,,DP12 PQH
650,Burdette Baumbach,,DW54 CQA
651,Kory Dibbert,,PM13 TDR
652,Verla Mills,,SN53 VJZ
653,Bernadine Daugherty,,HR62 OIY
654,Marietta Conn,,NH12 ABH
655,Westley Considine,,NW54 OOO
656,Ida Feeney,,LP51 EFW
657,Kayden Crona,,KK07 OYD
658,Kellie Kreiger,,SA16 JMJ
659,Bethel Grady,,PV16 WOZ
660,Leda Runte,,FG12 NRB
661,Pascale Lesch,,AH04 PGW
662,Justina Emmerich,,YU12 GIW
663,Meda Jast,,FV55 RYQ
664,Wilford Bailey,,WB63 CWL
665,Myrtie Barton,,YM18 SLJ
666,Vivian Jones,,WX51 FUS
667,Reginald Carroll,,GP66 VLJ
668,Zelda Turcotte,,WM02 KFJ
669,August Littel,,WB51 VXN
670,Kailyn Kulas,,PG67 NFM
671,Nels Bode,,PM10 PEW
672,Christa Quigley,,YJ15 SCZ
673,Anderson Hermiston,,HB52 LGZ
674,Joan Johns,,WD07 NKV
675,Arne Kling,,CD54 EDS
676,Domenick Dibbert,,SF67 RXS
677,Bertrand Jacobson,,FL54 UEE
678,Emmalee Bruen,,YR57 XHK
679,Elza Hartmann,,ND15 SDS
680,Lawrence Kreiger,,SL03 XOY
681,Gilda Fritsch,,AM13 WWY
682,Robert Johnson,,CJ66 WOA
683,Bridgette Spinka,,PT59 UUV
684,Mia Beahan,,LV56 NMZ
685,Sierra Krajcik,,KR56 GMQ
686,Kavon Leffler,,YX16 JIV
687,Donald Veum,,DH04 HBR
688,Garry Zulauf,,CB09 RRN
689,Lorenzo Glover,,SL60 OHC
690,Jed Walker,,LU60 BYO
691,Novella Schiller,,PG10 WKM
692,Blanche Walker,,FK60 WFA
693,Terry Okuneva,,HA51 QVQ
694,Marie Price,,ND53 HEO
695,Ara Rowe,,YS18 XLN
696,Era Homenick,,AR15 XNA
697,Darrion Stiedemann,,CA18 BUQ
698,Doug Boehm,,CN16 IQX
699,Greta Towne,,CE19 FKF
700,Carolina Thiel,,GK59 NCX
701,Hattie West,,CR57 ZZL
702,Bethel Ferry,,PT66 UQU
703,Gino Okuneva,,DS52 HQP
704,Elizabeth Dickens,,AT51 SOI
705,Zachery Kuphal,,SK57 GDK
706,Jennie Feil,,NR60 LTW
707,Marianna Paucek,,KW62 FAI
708,Jimmie Lehner,,NU66 XAJ
709,Stone Batz,,LL07 FWV
710,Madisyn Harris,,RA64 HVF
711,Donny Shanahan,,GM67 UYJ
712,Alberta Reilly,,SD04 VRS
713,Liza Cassin,,OC08 SNR
714,Juliet Berge,,RD03 ZDO
715,Maribel Blanda,,LN12 BJQ
716,Norbert Williamson,,FE53 DIP
717,Carlo Weimann,,NJ10 XYG
718,Robin Zieme,,PM11 GTI
719,Virginia Beahan,,DH60 GLF
720,Carlee Lang,,KD62 MYB
721,Zechariah Brekke,,RJ16 NHA
722,Sylvester Hickle,,RK02 FWL
723,Mossie Gutmann,,SS67 QON
724,Wendy Davis,,HU61 PIC
725,Mertie Hermiston,,PP14 WXW
726,Paxton Roberts,,YN18 EJF
727,Berneice Lemke,,EY07 WOK
728,Kane Treutel,,FL06 FEY
729,Arvilla Lehner,,WR08 CTJ
730,Herminia Powlowski,,SR51 HHP
731,Dwight Durgan,,KX62 QZV
732,Sandrine Shanahan,,SA13 XEQ
733,Leonora Mayer,,GU06 NJX
734,Yvonne Cremin,,AN05 KPJ
735,Shanna Moen,,LO11 KJL
736,Kade Hauck,,AH59 YOS
737,Zora Little,,CL60 HXK
738,Adolf Koch,,ND56 SUN
739,Alisa Toy,,FD57 UCH
740,Rickey Yundt,,GJ13 QQQ
741,Alfonzo Willms,,FE15 GYP
742,Remington Runolfsdottir,,GP67 UFI
743,Nico Watsica,,YL59 RJK
744,Elna Smith,,MA16 NPQ
745,Nannie Mosciski,,NN58 QPW
746,Neil Hackett,,HS09 XMN
747,Torrey Roob,,HG54 MKU
748,Leopold Hyatt,,GF09 HTC
749,Dudley Hoppe,,NM12 ZIR
750,Miles Champlin,,NM05 KPZ
751,Madaline Langworth,,HV65 RLC
752,Orlando Tromp,,HJ02 YUC
753,Destini Marvin,,RJ64 CUL
754,Sierra Koelpin,,HN02 HQH
755,Margarette Will,,HS05 LGT
756,Okey Bednar,,OD09 DQV
757,Ruthie Leannon,,AA58 GHL
758,Daniela Blanda,,RL58 AMN
759,Kade Fahey,,SK63 CDC
760,Wade Macejkovic,,NT54 ACS
761,Jerel Mitchell,,LX06 XQZ
762,Lorenza Sawayn,,GN57 YKN
763,Halie Turcotte,,RG54 ZYY
764,Sadie Greenholt,,GT08 GPE
765,Arnaldo Robel,,GX03 MWP
766,Luciano Cruickshank,,GX04 TXY
767,Garrick Lebsack,,DC12 RBH
768,Marlen Schaden,,GS16 YAX
769,Keaton Spinka,,WF02 GFI
770,Jerrold Bartoletti,,NY54 QAJ
771,Brandon Becker,,NX09 AQL
772,Hanna Howe,,PR09 MLC
773,Elias Purdy,,ND10 KUS
774,Alfredo Dicki,,LT63 FYV
775,Gaetano Jacobi,,CY12 JVP
776,Anderson Wilderman,,CG08 BZO
777,Caroline Tromp,,WH54 JIJ
778,Darrin Reilly,,WW09 XCB
779,Mathias Murazik,,AB15 CQZ
780,Annabell Veum,,AX64 NPM
781,Alexys Kuphal,,LM18 DGV
782,Estelle Will,,FB63 ZGF
783,Letitia Schuppe,,YE59 CRX
784,Eula Doyle,,PC66 VFM
785,Ramona Runolfsson,,CC15 MFV
786,Tristin Waelchi,,GW17 VBC
787,Daphnee McDermott,,SX15 WBB
788,Paul Volkman,,FR55 JQO
789,Destiney Kreiger,,FS67 ZWA
790,Cletus Thiel,,CE63 HEA
791,Ebony Crist,,WX51 KXE
792,Sarina Towne,,WE14 XFQ
793,Phoebe Hamill,,GF59 EZJ
794,Reynold Bogisich,,WL15 JBS
795,Charley Murazik,,HV07 YME
796,Garrett Durgan,,SB51 VFB
797,Madelynn Bosco,,YG53 XZD
798,Cleo Roob,,HE54 HSF
799,Ethyl Torp,,HT17 AKA
800,Davon Braun,,VA06 VVI
801,Vella Brown,,FY55 IAR
802,Raphaelle Conn,,SU58 LPQ
803,Noemy Langworth,,DKDL02 MRV
804,Herbert Heidenreich,,DD11 ACI
805,Ara Hamill,,WJ04 DAA
806,Kameron Konopelski,,PS03 IKI
807,Tiara Dicki,,LF13 MAR
808,Joaquin Smith,,LW04 AMF
809,Domingo Ziemann,,AE63 MBZ
810,Julia Streich,,SC04 COH
811,Linwood Feil,,OA13 TIA
812,Moshe Rath,,YG62 LPL
813,Remington Bergnaum,,CH10 VHH
814,Cristopher Aufderhar,,AD61 HHL
815,Zakary Thompson,,FN17 DWE
816,Onie Rath,,PC55 UKM
817,Jorge Pollich,,FN10 AJI
818,Caden Keebler,,KV64 TJS
819,Federico Ernser,,NC51 DPO
820,Conrad Hintz,,AS51 LBV
821,Manuel Green,,AL57 MSI
822,Jasen Altenwerth,,WC66 WFF
823,Alyson Emmerich,,HE02 TKC
824,Alexa Feil,,HV62 GAE
825,Quinten Kshlerin,,GB05 YBY
826,Fleta Koepp,,KO14 YAL
827,Domingo Rippin,,CH60 CKC
828,Elena Pfannerstill,,AY59 JEN
829,Myrl Feest,,RH17 ULS
830,Name Harvey,,OY07 OUA
831,Noble Kutch,,FA12 TXV
832,Jarret Ledner,,VH09 QZO
833,Jedidiah Sanford,,YK06 UYK
834,Clint Emmerich,,SG57 GAY
835,Alexie Johnston,,GW63 WYT
836,Beaulah Schaden,,SC05 VOY
837,Paula Legros,,RA04 YGX
838,Kiley Wuckert,,SL52 EJS
839,Alexys Towne,,VG18 YCC
840,Jerad Lebsack,,PB51 XHN
841,Cletus Hills,,NM18 QIB
842,Jacynthe Bogisich,,HV61 HPC
843,Jessika Fisher,,PN09 MPM
844,Deshawn Wisoky,,DV60 DGS
845,Frederic Schulist,,PX64 EFZ
846,Antonietta Oberbrunner,,PL03 ADO
847,Alexane Bergnaum,,GH61 USL
848,Harmony Reichert,,KY56 KYA
849,Hailie Miller,,DH11 MLN
850,Katlyn VonRueden,,WS60 DCH
851,Kayla Block,,KJ12 TBX
852,Kendall Herman,,PO07 GVG
853,Violet Barrows,,LO59 ZVG
854,Alexie Kautzer,,HB06 WGP
855,Conor Casper,,HX53 JFJ
856,Shawn Rippin,,KU19 OIS
857,Mallory Cole,,LK10 ROF
858,Kameron Waters,,CT57 WMI
859,Rex Cartwright,,OA17 HTO
860,Gilberto Schmitt,,CO63 GVF
861,Jordan Metz,,FD53 CKT
862,Madisen Emard,,HA19 TSJ
863,Ron Russel,,GE59 RNM
864,Ozella Feest,,WS52 DKD
865,Hayden Lindgren,,LO51 ARV
866,Herminio Jast,,YD14 FFL
867,Destin Barrows,,WX61 LGH
868,Idell Christiansen,,FL19 CZC
869,Breanne Windler,,PE05 BOP
870,Keagan Farrell,,SM03 GPE
871,Dejah Buckridge,,NC54 JPV
872,Raoul Maggio,,RK11 RKQ
873,Baron Bruen,,LA54 EXE
874,Duncan Trantow,,NS11 QFL
875,Omer Romaguera,,WS53 LZO
876,Constantin Muller,,FT14 SWD
877,Erna Schroeder,,NA08 KON
878,Braxton Lang,,HP66 VFO
879,Hassan Corwin,,GC05 WMC
880,Fabiola Ward,,RL67 YQV
881,Nora Stamm,,FN14 JCF
882,Geovanny Considine,,AY06 LUT
883,Greg Treutel,,GJ60 OIF
884,Amparo Johns,,FP19 RGI
885,Earl Ferry,,NX57 CFA
886,Harold Beatty,,SL56 WOY
887,Mike Upton,,PW59 MID
888,Ava Vandervort,,HE58 VIQ
889,Haylee Schimmel,,LC57 JYW
890,Abigayle Wyman,,LX15 LGQ
891,Montana Towne,,LY66 MGT
892,Alanna Williamson,,KJ17 PQL
893,Uriah Stamm,,DKDL58 MJT
894,Tania Braun,,RI08 VNX
895,Kirk Hilpert,,OA02 HSD
896,Myrl Anderson,,WC03 YIP
897,Jaren Goldner,,CD12 LWL
898,Jailyn Stiedemann,,RH57 TOI
899,Chanel Maggio,,PS09 IDS
900,Nettie Quitzon,,NV57 ZMC
901,Dustin Balistreri,,KX60 LLH
902,Cyrus Steuber,,SY59 XQT
903,Arnulfo Beahan,,GY07 WRG
904,Jerel Ferry,,PP16 CNK
905,Melissa Corkery,,GW17 LLT
906,Ivory Stamm,,BY51 CQE
907,Harry Lemke,,OB66 BTH
908,Antoinette Brakus,,WR05 OYE
909,Justyn Schumm,,HT04 CTT
910,Carlotta Dietrich,,FD54 FTP
911,Jaden Block,,DP58 MJR
912,Frances Frami,,SU59 MBN
913,Kristofer Dach,,CD17 SFL
914,Imogene Hills,,RG17 TFH
915,Ines Reynolds,,AM17 OFT
916,Tatum Effertz,,AE18 PPE
917,Lionel Casper,,FC05 WPY
918,Kitty Bahringer,,WK17 NQG
919,Tyler Heathcote,,RI55 JSS
920,Theodore Hermiston,,PD62 YIR
921,Ellsworth Gerlach,,HK57 SLE
922,Melyna Lehner,,DO52 VLW
923,Demetris Huels,,DB61 ITD
924,Alexandro Bradtke,,HL57 ZJI
925,Jaron Bergnaum,,OB15 UBG
926,Cleora Herman,,OD14 DUZ
927,Anabelle Predovic,,AW15 BMM
928,Kelly Smitham,,DH60 NAT
929,Serena Senger,,FE16 TID
930,Earnest Emmerich,,HC13 PYX
931,Maia Walsh,,WR17 FND
932,Randi Lakin,,SD09 SEV
933,Clara Carter,,LA09 DGM
934,Lydia Powlowski,,SW52 PPG
935,Maida Corkery,,LX58 JDX
936,Cecelia Kihn,,HY19 KZM
937,Marquise Crist,,HL55 OME
938,Krystel McCullough,,NK56 RIL
939,Torrance Stamm,,CN04 JUR
940,Ressie Schiller,,DB09 HXQ
941,Delfina Williamson,,HK52 BOR
942,Cullen Skiles,,LM04 FNZ
943,Brionna Pouros,,DO14 HOL
944,Bryon VonRueden,,AN67 JLH
945,Marcella Wolff,,AW51 OGQ
946,Markus Quigley,,SH10 RQO
947,Damion Streich,,YS15 IOG
948,Cecelia Wunsch,,RI51 LML
949,Cole Mitchell,,HY16 WDD
950,Gonzalo Langworth,,CT60 RQX
951,Valentine Orn,,SP67 YUH
952,Weston Kunze,,CG55 WPN
953,Jordyn Pouros,,WG57 CMM
954,Kory Schaefer,,YN66 VLX
955,Judd Lesch,,CJ66 VBR
956,Melany Beatty,,DO61 PEY
957,Newell Lind,,YF65 SAR
958,Dewayne O'Keefe,,SU08 ARO
959,Bryon Howe,,HU54 TXO
960,Roxane Boyer,,CV09 HVV
961,Marjory Schroeder,,KJ56 INA
962,Retha Leuschke,,DE12 OSY
963,Tianna Yost,,FP66 CQE
964,Maryjane Marks,,CA06 VCZ
965,Everardo Powlowski,,CJ06 WMK
966,Clark Brakus,,NS67 WJR
967,Ashleigh Beier,,GF12 CYF
968,Joan Strosin,,YV09 XMO
969,Peggie Kautzer,,GC59 LRD
970,Aurelio Shanahan,,LT08 VMG
971,Kylie Hessel,,KV12 TAS
972,Micaela Batz,,VC11 DMY
973,Ayden Hagenes,,NV14 AWV
974,Federico Tremblay,,FL14 JZQ
975,Rowena Rempel,,HH03 MFI
976,Deja McGlynn,,SA14 FTL
977,Pete Aufderhar,,RP65 GVM
978,Karlie Walker,,AS05 OGU
979,Henri Marvin,,FB51 VJZ
980,Giovanna Kerluke,,NA67 TVC
981,Damian Trantow,,HT64 GAZ
982,Merritt Fisher,,BA18 XCX
983,Lawson Hessel,,RG13 FME
984,Alyson Bayer,,HG16 UBY
985,Erna Sipes,,RF02 UBZ
986,Gennaro Kessler,,AX64 NYC
987,Tanya Lehner,,SU66 WDR
988,Liana Feeney,,KE19 PHZ
989,Melyssa Raynor,,KL58 WGF
990,Therese Ratke,,CU60 XVX
991,Zena Denesik,,CL66 UQB
992,Izabella Gutmann,,YG19 YOP
993,Lee Klein,,FD05 PQR
994,Chad Adams,,GO14 YJT
995,Mario Hudson,,YY08 XKP
996,Bertha Anderson,,LM63 WGN
997,Antwon Goodwin,,FM19 ZQZ
998,Xander Walter,,KJ11 WIB
999,Ellen Adams,,DA14 FFW
